{"assets/button_add.png":["assets/button_add.png"],"assets/button_chat.png":["assets/button_chat.png"],"assets/button_close.png":["assets/button_close.png"],"assets/button_exit.png":["assets/button_exit.png"],"assets/button_min.png":["assets/button_min.png"],"assets/button_send.png":["assets/button_send.png"],"assets/button_wishlist.png":["assets/button_wishlist.png"],"assets/button_wishlist_blue.png":["assets/button_wishlist_blue.png"],"assets/icon_cart.png":["assets/icon_cart.png"],"assets/icon_chat.png":["assets/icon_chat.png"],"assets/icon_email.png":["assets/icon_email.png"],"assets/icon_empty_cart.png":["assets/icon_empty_cart.png"],"assets/icon_headset.png":["assets/icon_headset.png"],"assets/icon_home.png":["assets/icon_home.png"],"assets/icon_line.png":["assets/icon_line.png"],"assets/icon_name.png":["assets/icon_name.png"],"assets/icon_password.png":["assets/icon_password.png"],"assets/icon_profile.png":["assets/icon_profile.png"],"assets/icon_remove.png":["assets/icon_remove.png"],"assets/icon_store_location.png":["assets/icon_store_location.png"],"assets/icon_submit.png":["assets/icon_submit.png"],"assets/icon_success.png":["assets/icon_success.png"],"assets/icon_username.png":["assets/icon_username.png"],"assets/icon_wishlist.png":["assets/icon_wishlist.png"],"assets/icon_your_address.png":["assets/icon_your_address.png"],"assets/image_profile.png":["assets/image_profile.png"],"assets/image_shoes.png":["assets/image_shoes.png"],"assets/image_shoes2.png":["assets/image_shoes2.png"],"assets/image_shoes3.png":["assets/image_shoes3.png"],"assets/image_shoes4.png":["assets/image_shoes4.png"],"assets/image_shoes5.png":["assets/image_shoes5.png"],"assets/image_shoes6.png":["assets/image_shoes6.png"],"assets/image_shoes7.png":["assets/image_shoes7.png"],"assets/image_shoes8.png":["assets/image_shoes8.png"],"assets/image_shop_logo.png":["assets/image_shop_logo.png"],"assets/image_shop_logo_online.png":["assets/image_shop_logo_online.png"],"assets/image_splash.png":["assets/image_splash.png"],"assets/image_wishlist.png":["assets/image_wishlist.png"],"packages/cupertino_icons/assets/CupertinoIcons.ttf":["packages/cupertino_icons/assets/CupertinoIcons.ttf"]}